[
  {
    "timestamp": "2025-08-31T13:42:34.628374",
    "action": "upload",
    "application_id": "APP-1009",
    "filename": "11090354__638857826769672602_financialliteracyvi[1].pdf"
  },
  {
    "timestamp": "2025-08-31T13:42:38.158150",
    "action": "upload",
    "application_id": "APP-1010",
    "filename": "11090354__638857826769672602_financialliteracyvi[1].pdf"
  },
  {
    "timestamp": "2025-08-31T13:42:50.225558",
    "action": "upload",
    "application_id": "APP-1011",
    "filename": "11090354__638857826769672602_financialliteracyvi[1].pdf"
  },
  {
    "timestamp": "2025-08-31T18:42:17.172510",
    "action": "upload",
    "application_id": "APP-1012",
    "filename": "11090354__638857826769672602_financialliteracyvi[1].pdf"
  },
  {
    "timestamp": "2025-08-31T18:58:22.577933",
    "action": "upload",
    "application_id": "APP-1013",
    "filename": "11090354__638857826769672602_financialliteracyvi[1].pdf"
  },
  {
    "timestamp": "2025-08-31T18:58:38.779677",
    "action": "upload",
    "application_id": "APP-1014",
    "filename": "APP-1012_11090354__638857826769672602_financialliteracyvi[1].pdf"
  },
  {
    "timestamp": "2025-08-31T18:58:54.348113",
    "action": "upload",
    "application_id": "APP-1015",
    "filename": "APP-1012_11090354__638857826769672602_financialliteracyvi[1].pdf"
  }
]